Post ID,Account username,DISPLAY,Description,Duration ,Post type,Comment,Impressions,Reach,Shares,Follows,3s views,Likes,Comments,Saves
1.79743E+16,_veehay,,"Looking for a virtual assistant who can handle it all?
Meet Omohafe, the expert in digital marketing, social media management, graphic design, Google Analytics, and data entry based in Lagos, Nigeria.",0,IG carousel,,81,66,0,0,0,3,1,0
1.79375E+16,_veehay,,"Need a virtual assistant who can do it all? Look no further than Lase! 
With her expertise in social media management and business/personal assistance, she's the secret weapon your brand has been missing",0,IG carousel,,81,70,0,0,0,6,2,0
1.79947E+16,_veehay,,"I am thankful that my consistency is shifting the atmosphere and creating space  for blessings to come flood my life.

#virtualassistant #virtualassistantlife #virtualassistantcourse
#virtualassistantbootcamp #blackvirtualassistants #workfromhome
#remotework #digitalnomad",0,IG image,,79,74,0,0,0,4,0,0
1.80034E+16,_veehay,,"Hey! 👋🏾
Allow me to introduce myself…
I’m Bernadette and I have created this space (after popular demand) to bring vetted, quality and reliable virtual assistants to the spotlight.
 #businessdevelopment #bmo",0,IG image,,108,99,1,8,0,21,1,1
1.79974E+16,_veehay,,"Unleash your productivity with our virtual assistant services! 
Our skilled team, led by HR expert Sanele, is here to take care of your administrative tasks so you can focus on growing your business. 
Let us help you achieve your goals today!
",0,IG carousel,,69,60,0,0,0,5,0,0
1.79861E+16,_veehay,,"Expand Your Skill Set in Virtual Assistance! 🚀
✨ Join our agency to access ongoing training, upskilling opportunities, and a supportive community. 
Stay ahead of the curve and master the latest tools and techniques. Your future as a successful virtual assistant starts here!
 💼🌐 #VirtualAssistance #SkillDevelopment #ProfessionalGrowth #JoinOurAgency""",0,IG carousel,,55,47,0,0,0,5,0,0
1.79894E+16,_veehay,,"Pause for a moment and reflect on how far you've come in your journey. 
Take a step back and appreciate where you are today. Remember, you are exactly where you're supposed to be. 
Let's choose to be grateful for this moment and all the possibilities it holds.
#virtualassistantcoach #gratitude #selfreflection",0,IG image,,49,43,2,1,0,6,0,0
1.82094E+16,_veehay,,"I've got the best job in the world, being a mum to princess. 
To be honest I owe so much to my daughter Adrielle because she is the reason I was desperate to find a job I could do from home. My search for freedom to be able to spend time with her led me to this business.
She encourages and inspires me to work harder everyday.",0,IG image,,65,56,1,0,0,12,0,0
1.80859E+16,_veehay,,"🔑 The key to success lies in your ability to prioritize. 🗓️ Instead of letting your schedule dictate your life, take charge and schedule your priorities. As a virtual assistant coach, I'm here to guide you in making conscious choices about how you spend your time. ⏰

",0,IG image,,41,39,0,0,0,5,0,0
1.79778E+16,_veehay,,"🌟 Embrace the Power of Virtual Assistance! 🚀

Starting out as a virtual assistant opens up a world of endless possibilities and growth. 💼✨

#VirtualAssistantCoach #VirtualAssistantLife #FreedomToWork #LifestyleDesign #SkillsForSuccess #makemagichappen",0,IG image,,50,44,0,0,0,12,2,0
1.7843E+16,_veehay,,"As a virtual assistant coach, I'm here to guide you on a journey of growth and success in the dynamic world of remote work. 🚀

",0,IG carousel,,42,34,1,0,0,6,2,0
1.79842E+16,_veehay,,"🌟 Mastering Each Day, One Step at a Time! 💪✨

As a virtual assistant coach, I believe in the power of small daily victories. 📆✍️

",0,IG image,,32,28,3,0,0,8,0,0
1.80093E+16,_veehay,,"🌟 Dream big, but act even bigger! 🌟✨

Are you ready to turn your aspirations into extraordinary achievements? It's time to unleash the power within you and take unwavering action towards your goals! 💪🚀

Coach #IgniteYourPotential #MakeItHappen #Motivation",0,IG image,,36,33,1,0,0,3,0,0
1.79554E+16,_veehay,,"🔊🔊🔊🔊

I have the pleasure of going live with @heymariacarras tonight at 7:30pm BST!

There are tricks to every trade and when you get the opportunity to hear from trailblazers you can’t miss it!
",0,IG image,,400,367,0,0,0,14,3,0
1.79799E+16,_veehay,,"🌟 It's that time of the week again when we celebrate the incredible journey of a Virtual Assistant! 🙌. 
  Let's dive into what a Virtual Assistant Friday should look like, and trust me, it's something extraordinary! 💪💼

#FeelGoodFridays #VirtualAssistantLife #SuccessMindset #Empowerment #DigitalSuperhero #TGIF #Inspiration #motivation",0,IG carousel,,64,51,1,0,0,13,0,0
1.80065E+16,_veehay,,"🌟 Embrace the Power of Knowledge 🌟

🔁 Replace ""I should have known"" with ""now I know better"" 🔁

",0,IG image,,30,27,1,0,0,2,0,0
1.79108E+16,_veehay,,"🔍 Struggling to Land Clients as a Virtual Assistant? Here's Why and How to Overcome It! 💼💪

🎯 Are you a virtual assistant finding it challenging to secure clients? You're not alone! Let's dive into some common reasons and actionable solutions:",0,IG carousel,,28,22,0,0,0,2,0,0
1.82964E+16,_veehay,,"Remember, as a virtual assistant, you are an integral part of your clients' success stories. Your dedication and support can change lives. 💼✨
ds and bring your vision to their life, send me a direct message today! Let's collaborate and create remarkable success stories together. 🤝💼

#VirtualAssistant #BusinessSupport #ClientSuccess #MakeADifference #ChangingLives #Dedication #Support #DMMe",0,IG image,,25,23,1,0,0,2,0,0
1.79568E+16,_veehay,,"🌟 Sometimes, life presents us with personal challenges that push us to grow, evolve, and find our inner strength. Despite the obstacles, I am determined to excel in everything I do, especially as a virtual assistant coach.

",0,IG image,,30,29,1,0,0,6,0,0
1.80719E+16,_veehay,,"🌟 Embrace the journey of your VA business, for it's in the beginning where strength is forged. 💪 When the road seems steep and doubts arise, remember that success is built upon perseverance and unwavering belief. ",0,IG image,,49,46,0,0,0,12,0,0
1.80044E+16,_veehay,,"Rebranding yourself is more than just a fresh look; it's a profound journey of self-discovery and growth. 💫✨ Experience the therapeutic effects as you redefine your path, cultivate new habits, and forge meaningful connections within the virtual assistant community. 💼🌱
",0,IG image,,32,31,0,0,0,9,0,0
1.80903E+16,_veehay,,"Landing your first client can be the most frustrating time of the VA journey so these steps are guaranteed to speed up that process. 

",8,IG video,,312,263,1,0,133,20,0,0
1.8176E+16,_veehay,,"Embrace the power of trust and become the author of your next chapter. As a virtual assistant, you have the ability to shape your own destiny and create a remarkable story. Rewrite the rules, rewrite the possibilities! 📖💫
",0,IG image,,41,37,1,0,0,6,0,1
1.79129E+16,_veehay,,"🌟 Need a virtual assistant who can take your productivity to new heights?
Look no further! Meet Michele.

",0,IG carousel,,35,27,0,0,0,5,0,0
1.79698E+16,_veehay,,"Have you ever started posting with so much energy and then it goes flat?

The truth is consistent content takes time and planning. 

#virtualassistant #ukvirtualassistant #hireavirtualassistant #vacoach #vamentoring #vamentor #socialmediahacks",5,IG video,,401,366,1,0,188,8,0,1
1.79921E+16,_veehay,,"As a Virtual Assistant Coach and mentor to professionals embarking on their virtual assistant journey, I can't stress enough the importance of networking in this digital era. 💼🤝
",0,IG carousel,,24,17,1,0,0,3,1,0
1.78513E+16,_veehay,,"🌐 Are you ready to embark on a transformative journey as a Virtual Assistant? It's time to ignite your potential, rise above challenges, and excel in the virtual realm! 🚀
",0,IG image,,7,7,0,0,0,1,0,0
1.79846E+16,_veehay,,"Taking control of my life, one step at a time. I know that everything starts with me, and I have the power to make today better than yesterday. With responsibility comes great blessings, and I am ready for them.",0,IG image,,67,62,0,0,0,3,1,0
,,Veehay,,,,,,,,,,,,